{"IcoMoonType":"selection","icons":[{"icon":{"paths":["M115.5-30.167l-60.333 60.333 311.167 311.167-311.167 311.167 60.333 60.333 371.5-371.5z"],"attrs":[{"opacity":0.4}],"isMulticolor":false,"isMulticolor2":false,"grid":0,"tags":["icon-chevron1"]},"attrs":[{"opacity":0.4}],"properties":{"order":105,"id":1,"name":"icon-chevron1","prevSize":32,"code":59648},"setIdx":0,"setId":6,"iconIdx":0},{"icon":{"paths":["M967.68 56.32c-37.547-37.547-82.773-56.32-135.68-56.32h-640c-52.907 0-98.133 18.773-135.68 56.32s-56.32 82.773-56.32 135.68v640c0 52.907 18.773 98.133 56.32 135.68s82.773 56.32 135.68 56.32h640c52.907 0 98.133-18.773 135.68-56.32s56.32-82.773 56.32-135.68v-640c0-52.907-18.773-98.133-56.32-135.68zM853.333 533.333c0.028 0.556 0.043 1.207 0.043 1.861 0 17.062-10.722 31.619-25.796 37.301l-0.274 0.091c-4.914 2.056-10.616 3.3-16.595 3.413l-0.045 0.001c-0.273 0.007-0.595 0.011-0.918 0.011-11.496 0-21.85-4.888-29.096-12.7l-0.023-0.025-96-96-355.925 356.011c-7.489 7.841-18.026 12.716-29.701 12.716-0.118 0-0.236-0-0.354-0.001l0.018 0c-0.111 0.001-0.241 0.002-0.372 0.002-11.664 0-22.19-4.876-29.65-12.7l-0.016-0.016-67.925-68.011c-7.84-7.475-12.716-18.001-12.716-29.664 0-0.101 0-0.202 0.001-0.303l-0 0.015c-0.001-0.111-0.002-0.241-0.002-0.372 0-11.664 4.876-22.19 12.7-29.65l0.016-0.016 356.011-356.011-96-96c-13.824-12.8-16.896-28.416-9.387-46.592 5.772-15.35 20.331-26.074 37.394-26.074 0.684 0 1.364 0.017 2.040 0.051l-0.095-0.004h320c11.52 0 21.589 4.267 30.037 12.629 7.791 7.469 12.632 17.961 12.632 29.584 0 0.159-0.001 0.318-0.003 0.477l0-0.024v320z"],"attrs":[{"fill":"rgb(255, 255, 255)","opacity":0.5}],"isMulticolor":false,"isMulticolor2":false,"grid":0,"tags":["source"]},"attrs":[{"fill":"rgb(255, 255, 255)","opacity":0.5}],"properties":{"order":104,"id":0,"name":"source","prevSize":32,"code":59649},"setIdx":0,"setId":6,"iconIdx":1}],"height":1024,"metadata":{"name":"planets-fact-icons"},"preferences":{"showGlyphs":true,"showQuickUse":true,"showQuickUse2":true,"showSVGs":true,"fontPref":{"prefix":"i-","metadata":{"fontFamily":"planets-fact-icons","majorVersion":1,"minorVersion":0},"metrics":{"emSize":1024,"baseline":6.25,"whitespace":50},"embed":false,"showSelector":true,"selector":"i","classSelector":".icon","showMetrics":false,"showMetadata":false,"cssVars":false,"cssVarsFormat":"scss","noie8":true,"ie7":false,"showVersion":false,"flutter":false,"includeMetadata":false,"autoHost":true},"imagePref":{"prefix":"icon-","png":true,"useClassSelector":true,"color":0,"bgColor":16777215,"classSelector":".icon","name":"icomoon","height":32,"columns":16,"margin":16,"minifyJs":true},"historySize":50,"showCodes":true,"gridSize":16,"quickUsageToken":{"UntitledProject":"YWUwNDNmZDBkYTA4NTk4ZTY5MGRhZjU2Yzc4MDQ4NzYjMSMxNjE3NDY0NjcxIyMj"}}}